-- --------------------------------------------------------
-- Host:                         127.0.0.1
-- Server version:               8.4.3 - MySQL Community Server - GPL
-- Server OS:                    Win64
-- HeidiSQL Version:             12.8.0.6908
-- --------------------------------------------------------

/*!40101 SET @OLD_CHARACTER_SET_CLIENT=@@CHARACTER_SET_CLIENT */;
/*!40101 SET NAMES utf8 */;
/*!50503 SET NAMES utf8mb4 */;
/*!40103 SET @OLD_TIME_ZONE=@@TIME_ZONE */;
/*!40103 SET TIME_ZONE='+00:00' */;
/*!40014 SET @OLD_FOREIGN_KEY_CHECKS=@@FOREIGN_KEY_CHECKS, FOREIGN_KEY_CHECKS=0 */;
/*!40101 SET @OLD_SQL_MODE=@@SQL_MODE, SQL_MODE='NO_AUTO_VALUE_ON_ZERO' */;
/*!40111 SET @OLD_SQL_NOTES=@@SQL_NOTES, SQL_NOTES=0 */;

-- Dumping data for table qlbh.brands: ~3 rows (approximately)
REPLACE INTO `brands` (`id`, `name`, `slug`, `sort_order`, `is_active`, `deleted_at`, `created_at`, `updated_at`) VALUES
	(1, 'Samsung', 'samsung', 0, 1, NULL, '2026-06-03 08:32:08', '2026-06-03 08:32:08'),
	(2, 'Apple', 'apple', 0, 1, NULL, '2026-06-03 08:32:15', '2026-06-03 08:32:15'),
	(3, 'OEM', 'oem', 0, 1, NULL, '2026-06-03 08:32:25', '2026-06-03 08:32:25');

-- Dumping data for table qlbh.cache: ~0 rows (approximately)

-- Dumping data for table qlbh.cache_locks: ~0 rows (approximately)

-- Dumping data for table qlbh.categories: ~2 rows (approximately)
REPLACE INTO `categories` (`id`, `parent_id`, `name`, `slug`, `sort_order`, `is_active`, `created_at`, `updated_at`, `deleted_at`) VALUES
	(1, NULL, 'Điện thoại', 'dien-thoai', 0, 1, '2026-06-03 08:32:51', '2026-06-03 08:32:51', NULL),
	(2, NULL, 'Phụ kiện', 'phu-kien', 0, 1, '2026-06-03 08:32:58', '2026-06-03 08:32:58', NULL);

-- Dumping data for table qlbh.customers: ~3 rows (approximately)
REPLACE INTO `customers` (`id`, `code`, `full_name`, `search_text`, `phone`, `email`, `birthday`, `gender`, `cccd`, `province`, `district`, `ward`, `address`, `point_balance`, `debt_balance`, `total_spent`, `total_orders`, `last_order_at`, `customer_type`, `is_active`, `created_by`, `created_at`, `updated_at`, `deleted_at`) VALUES
	(1, 'KH000001', 'Đức Hòa', 'duc hoa', '0906064789', NULL, '1992-10-06', 'male', NULL, NULL, NULL, NULL, NULL, 0.00, 50000.00, 0.00, 0, NULL, 'retail', 1, NULL, '2026-06-03 08:33:31', '2026-06-19 07:41:48', NULL),
	(2, 'KH000002', 'Kim Ngân', 'kim ngan', '123321', NULL, NULL, 'female', NULL, NULL, NULL, NULL, NULL, 0.00, 0.00, 0.00, 0, NULL, 'retail', 1, NULL, '2026-06-03 08:33:50', '2026-06-19 07:41:48', NULL),
	(3, 'KH000003', 'Kim Oanh', 'kim oanh', '789987', NULL, NULL, 'female', NULL, NULL, NULL, NULL, NULL, 0.00, 0.00, 0.00, 0, NULL, 'retail', 1, NULL, '2026-06-03 08:34:04', '2026-06-19 07:41:48', NULL);

-- Dumping data for table qlbh.customer_debts: ~17 rows (approximately)
REPLACE INTO `customer_debts` (`id`, `customer_id`, `type`, `amount`, `source_type`, `source_id`, `note`, `created_at`, `updated_at`) VALUES
	(1, 1, 'increase', 50000.00, 'App\\Models\\Sale', 75, 'Thiếu thanh toán hóa đơn', '2026-06-10 09:13:06', '2026-06-10 09:13:06'),
	(2, 1, 'increase', 30000.00, 'App\\Models\\Sale', 76, 'Thiếu thanh toán hóa đơn', '2026-06-10 09:13:36', '2026-06-10 09:13:36'),
	(3, 1, 'decrease', 50000.00, 'App\\Models\\Sale', 77, 'Thanh toán Nợ cũ', '2026-06-10 09:14:11', '2026-06-10 09:14:11'),
	(4, 1, 'decrease', 10000.00, 'App\\Models\\Sale', 80, 'Thanh toán Nợ cũ', '2026-06-10 09:18:30', '2026-06-10 09:18:30'),
	(5, 1, 'decrease', 10000.00, 'App\\Models\\Sale', 81, 'Thanh toán Nợ cũ', '2026-06-10 09:19:10', '2026-06-10 09:19:10'),
	(6, 1, 'decrease', 10000.00, 'App\\Models\\Sale', 82, 'Thanh toán Nợ cũ', '2026-06-10 09:19:43', '2026-06-10 09:19:43'),
	(7, 1, 'increase', 50000.00, 'App\\Models\\Sale', 84, 'Thanh toán hóa đơn còn thiếu', '2026-06-10 16:09:53', '2026-06-10 16:09:53'),
	(8, 1, 'decrease', 50000.00, 'App\\Models\\Sale', 85, 'Thanh toán Nợ cũ', '2026-06-11 07:42:02', '2026-06-11 07:42:02'),
	(9, 1, 'increase', 2200000.00, 'App\\Models\\Sale', 86, 'Thanh toán hóa đơn còn thiếu', '2026-06-11 08:02:08', '2026-06-11 08:02:08'),
	(10, 1, 'decrease', 1950000.00, 'App\\Models\\Sale', 87, 'Thanh toán Nợ cũ', '2026-06-11 08:09:03', '2026-06-11 08:09:03'),
	(11, 1, 'decrease', 250000.00, 'App\\Models\\Sale', 88, 'Thanh toán Nợ cũ', '2026-06-11 08:12:54', '2026-06-11 08:12:54'),
	(12, 1, 'increase', 30000.00, 'App\\Models\\Sale', 101, 'Thanh toán hóa đơn còn thiếu', '2026-06-11 16:10:40', '2026-06-11 16:10:40'),
	(13, 1, 'increase', 50000.00, 'App\\Models\\Sale', 102, 'Thanh toán hóa đơn còn thiếu', '2026-06-11 16:19:49', '2026-06-11 16:19:49'),
	(14, 1, 'increase', 50000.00, 'App\\Models\\Sale', 103, 'Thanh toán hóa đơn còn thiếu', '2026-06-11 16:23:13', '2026-06-11 16:23:13'),
	(15, 1, 'increase', 50000.00, 'App\\Models\\Sale', 104, 'Thanh toán hóa đơn còn thiếu', '2026-06-11 16:41:30', '2026-06-11 16:41:30'),
	(16, 1, 'decrease', 150000.00, 'App\\Models\\Sale', 105, 'Thanh toán Nợ cũ', '2026-06-11 16:42:59', '2026-06-11 16:42:59'),
	(17, 1, 'decrease', 30000.00, 'App\\Models\\Sale', 106, 'Thanh toán Nợ cũ', '2026-06-11 17:03:41', '2026-06-11 17:03:41'),
	(18, 1, 'increase', 200000.00, 'App\\Models\\Sale', 107, 'Thanh toán hóa đơn còn thiếu', '2026-06-11 17:12:26', '2026-06-11 17:12:26'),
	(19, 1, 'decrease', 200000.00, 'App\\Models\\Sale', 109, 'Thanh toán Nợ cũ', '2026-06-12 17:00:31', '2026-06-12 17:00:31'),
	(20, 1, 'increase', 50000.00, 'App\\Models\\Sale', 110, 'Thanh toán hóa đơn còn thiếu', '2026-06-12 17:18:56', '2026-06-12 17:18:56');

-- Dumping data for table qlbh.customer_devices: ~0 rows (approximately)

-- Dumping data for table qlbh.customer_images: ~2 rows (approximately)
REPLACE INTO `customer_images` (`id`, `customer_id`, `type`, `path`, `mime_type`, `size`, `is_primary`, `uploaded_by`, `created_at`, `updated_at`) VALUES
	(1, 1, 'portrait', 'customers/1/EezJ4aWuy6LKUpp6CSJRQZJIOG1xO4AyKGasVXPh.jpg', 'image/jpeg', 27218, 1, NULL, '2026-06-03 08:33:31', '2026-06-03 08:33:31'),
	(2, 2, 'portrait', 'customers/2/ZOjFxAlIH1BEMO9ZlpihwhRwaQm8g0An61MiEIM1.jpg', 'image/jpeg', 45859, 1, NULL, '2026-06-03 08:33:50', '2026-06-03 08:33:50');

-- Dumping data for table qlbh.customer_logs: ~0 rows (approximately)

-- Dumping data for table qlbh.customer_points: ~0 rows (approximately)

-- Dumping data for table qlbh.failed_jobs: ~0 rows (approximately)

-- Dumping data for table qlbh.hold_sales: ~0 rows (approximately)

-- Dumping data for table qlbh.jobs: ~0 rows (approximately)

-- Dumping data for table qlbh.job_batches: ~0 rows (approximately)

-- Dumping data for table qlbh.migrations: ~24 rows (approximately)
REPLACE INTO `migrations` (`id`, `migration`, `batch`) VALUES
	(1, '0001_01_01_000000_create_users_table', 1),
	(2, '0001_01_01_000001_create_cache_table', 1),
	(3, '0001_01_01_000002_create_jobs_table', 1),
	(4, '2026_05_07_140452_create_permission_tables', 1),
	(5, '2026_05_22_082551_create_customers_table', 1),
	(6, '2026_05_22_082552_create_customer_devices_table', 1),
	(7, '2026_05_22_082553_create_customer_debts_table', 1),
	(8, '2026_05_22_082553_create_customer_points_table', 1),
	(9, '2026_05_22_082557_create_customer_logs_table', 1),
	(10, '2026_05_22_091156_create_customer_images_table', 1),
	(11, '2026_05_23_145920_create_suppliers_table', 1),
	(12, '2026_05_23_145930_create_brands_table', 1),
	(13, '2026_05_23_145940_create_categories_table', 1),
	(14, '2026_05_23_145950_create_units_table', 1),
	(15, '2026_05_23_145960_create_products_table', 1),
	(16, '2026_05_23_145980_create_sales_table', 1),
	(17, '2026_05_23_145981_create_product_imeis_table', 1),
	(18, '2026_05_23_145990_create_sale_items_table', 1),
	(19, '2026_05_23_146100_create_repairs_table', 1),
	(20, '2026_05_23_146110_create_repair_images_table', 1),
	(21, '2026_05_23_146120_create_repair_timelines_table', 1),
	(22, '2026_05_25_123656_create_hold_sales_table', 1),
	(23, '2026_05_25_151943_create_personal_access_tokens_table', 1),
	(24, '2026_05_26_230107_add_sold_count_to_products_table', 1);

-- Dumping data for table qlbh.model_has_permissions: ~0 rows (approximately)

-- Dumping data for table qlbh.model_has_roles: ~1 rows (approximately)
REPLACE INTO `model_has_roles` (`role_id`, `model_type`, `model_id`) VALUES
	(1, 'App\\Models\\User', 1);

-- Dumping data for table qlbh.password_reset_tokens: ~0 rows (approximately)

-- Dumping data for table qlbh.permissions: ~17 rows (approximately)
REPLACE INTO `permissions` (`id`, `name`, `guard_name`, `created_at`, `updated_at`) VALUES
	(1, 'categories.view', 'web', '2026-06-03 08:31:15', '2026-06-03 08:31:15'),
	(2, 'categories.create', 'web', '2026-06-03 08:31:15', '2026-06-03 08:31:15'),
	(3, 'categories.edit', 'web', '2026-06-03 08:31:15', '2026-06-03 08:31:15'),
	(4, 'categories.delete', 'web', '2026-06-03 08:31:15', '2026-06-03 08:31:15'),
	(5, 'products.view', 'web', '2026-06-03 08:31:15', '2026-06-03 08:31:15'),
	(6, 'products.create', 'web', '2026-06-03 08:31:15', '2026-06-03 08:31:15'),
	(7, 'products.edit', 'web', '2026-06-03 08:31:15', '2026-06-03 08:31:15'),
	(8, 'products.delete', 'web', '2026-06-03 08:31:15', '2026-06-03 08:31:15'),
	(9, 'brands.view', 'web', '2026-06-03 08:31:15', '2026-06-03 08:31:15'),
	(10, 'brands.create', 'web', '2026-06-03 08:31:16', '2026-06-03 08:31:16'),
	(11, 'brands.edit', 'web', '2026-06-03 08:31:16', '2026-06-03 08:31:16'),
	(12, 'brands.delete', 'web', '2026-06-03 08:31:16', '2026-06-03 08:31:16'),
	(13, 'pos.access', 'web', '2026-06-03 08:31:16', '2026-06-03 08:31:16'),
	(14, 'users.view', 'web', '2026-06-03 08:31:16', '2026-06-03 08:31:16'),
	(15, 'users.create', 'web', '2026-06-03 08:31:16', '2026-06-03 08:31:16'),
	(16, 'users.edit', 'web', '2026-06-03 08:31:16', '2026-06-03 08:31:16'),
	(17, 'users.delete', 'web', '2026-06-03 08:31:16', '2026-06-03 08:31:16');

-- Dumping data for table qlbh.personal_access_tokens: ~0 rows (approximately)

-- Dumping data for table qlbh.products: ~9 rows (approximately)
REPLACE INTO `products` (`id`, `category_id`, `brand_id`, `unit_id`, `name`, `search_text`, `slug`, `sku`, `barcode`, `product_type`, `image`, `warranty_days`, `allow_negative_stock`, `cost_price`, `sell_price`, `tax_percent`, `stock`, `sold_count`, `alert_stock`, `manage_stock_by_serial`, `is_active`, `description`, `deleted_at`, `created_at`, `updated_at`) VALUES
	(1, 1, 2, NULL, 'Iphone 10', NULL, 'iphone-10', '123321', NULL, 'imei', 'products/winD0s93IMazKelTXp2yJ7wmSKF8KAKpaor80AZ2.jpg', 0, 0, 1000000.00, 1200000.00, 0.00, 2, 2, 0, 0, 1, NULL, NULL, '2026-06-03 08:35:14', '2026-06-03 16:46:37'),
	(2, 1, 2, NULL, 'Iphone 11', NULL, 'iphone-11', '456654', NULL, 'normal', 'products/4BO6Hlc96xLuqkO5ClEIiirZti8BLzyCWy20CgR1.jpg', 0, 0, 2000000.00, 2200000.00, 0.00, 1, 1, 0, 0, 1, NULL, NULL, '2026-06-03 08:35:53', '2026-06-11 08:02:08'),
	(3, 1, 1, NULL, 'Samsung A16', NULL, 'samsung-a16', '258852', NULL, 'normal', 'products/4SsruRhBL8XwL6LJLIB7zWmXfHuozoXA4RR5UrNS.jpg', 0, 0, 1500000.00, 200000.00, 0.00, 0, 2, 0, 0, 1, NULL, NULL, '2026-06-03 08:36:41', '2026-06-11 17:12:26'),
	(4, 2, 3, NULL, 'Dây sạc', NULL, 'day-sac', '963369', NULL, 'normal', NULL, 0, 0, 20000.00, 50000.00, 0.00, 10, 100, 0, 0, 1, NULL, NULL, '2026-06-03 08:37:17', '2026-06-13 07:50:33'),
	(5, 1, 1, NULL, 'Sasung A07', NULL, 'sasung-a07', '5656', NULL, 'imei', 'products/cI8mdJPrtdhfKDpqkKmCv58f9rm4y1TggcU4oqnb.jpg', 0, 0, 1000000.00, 1200000.00, 0.00, 1, 1, 0, 0, 1, NULL, NULL, '2026-06-03 09:13:33', '2026-06-11 07:42:02'),
	(6, 1, 1, NULL, 'Samsung A17 5G', NULL, 'samsung-a17-5g', '12321', NULL, 'normal', 'products/qJoMHEpYvJMJPV8c3d0f5QmvFNYdiUqGLJ9kUfCI.jpg', 0, 0, 2000000.00, 2500000.00, 0.00, 10, 0, 0, 0, 1, NULL, NULL, '2026-06-08 09:10:12', '2026-06-08 09:10:12'),
	(7, 1, 2, NULL, 'Iphone XS', NULL, 'iphone-xs', '5646456', NULL, 'normal', 'products/G7oKOvVNQRNDFcOmz38VkFES5PSET8Kh1rbDhFTG.jpg', 0, 0, 5000000.00, 6000000.00, 0.00, 10, 0, 0, 0, 1, NULL, NULL, '2026-06-08 09:11:24', '2026-06-08 09:11:24'),
	(8, 2, 3, NULL, 'Củ sạc 20w', NULL, 'cu-sac-20w', '5465', NULL, 'normal', 'products/vPAT7y6MErq2RyrGsnYyMS8AHisqKegyg0DVMwfa.jpg', 0, 0, 20000.00, 50000.00, 0.00, 96, 4, 0, 0, 1, NULL, NULL, '2026-06-08 09:13:48', '2026-06-09 15:44:13'),
	(9, 2, 3, NULL, 'Dây sạc iphone rẻ', NULL, 'day-sac-iphone-re', '6546456', NULL, 'normal', 'products/f3BaOlzSwegUzS9ceRI2AZKh8GnsfkxBwUIZHHrc.jpg', 0, 0, 10000.00, 20000.00, 0.00, 100, 0, 0, 0, 1, NULL, NULL, '2026-06-13 08:47:21', '2026-06-13 08:47:21');

-- Dumping data for table qlbh.product_imeis: ~7 rows (approximately)
REPLACE INTO `product_imeis` (`id`, `product_id`, `supplier_id`, `customer_id`, `sale_id`, `imei`, `serial`, `color`, `storage`, `condition`, `battery_health`, `purchase_price`, `cost_price`, `sell_price`, `warranty_expired_at`, `imported_at`, `sold_at`, `status`, `note`, `deleted_at`, `created_at`, `updated_at`) VALUES
	(1, 1, NULL, NULL, NULL, '0000', NULL, NULL, NULL, 'new', NULL, 0.00, 0.00, 0.00, NULL, NULL, '2026-06-03 08:49:44', 1, NULL, NULL, '2026-06-03 08:35:14', '2026-06-03 08:49:44'),
	(2, 1, NULL, NULL, NULL, '0011', NULL, NULL, NULL, 'new', NULL, 0.00, 0.00, 0.00, NULL, NULL, '2026-06-03 16:46:37', 1, NULL, NULL, '2026-06-03 08:35:14', '2026-06-03 16:46:37'),
	(3, 2, NULL, NULL, NULL, '2222', NULL, NULL, NULL, 'new', NULL, 0.00, 0.00, 0.00, NULL, NULL, NULL, 0, NULL, NULL, '2026-06-03 08:35:53', '2026-06-03 08:35:53'),
	(4, 2, NULL, NULL, NULL, '3333', NULL, NULL, NULL, 'new', NULL, 0.00, 0.00, 0.00, NULL, NULL, NULL, 0, NULL, NULL, '2026-06-03 08:35:53', '2026-06-03 08:35:53'),
	(5, 3, NULL, NULL, NULL, '4444', NULL, NULL, NULL, 'new', NULL, 0.00, 0.00, 0.00, NULL, NULL, NULL, 0, NULL, NULL, '2026-06-03 08:36:41', '2026-06-03 08:36:41'),
	(6, 3, NULL, NULL, NULL, '5555', NULL, NULL, NULL, 'new', NULL, 0.00, 0.00, 0.00, NULL, NULL, NULL, 0, NULL, NULL, '2026-06-03 08:36:41', '2026-06-03 08:36:41'),
	(7, 5, NULL, NULL, NULL, '1111', NULL, NULL, NULL, 'new', NULL, 0.00, 0.00, 0.00, NULL, NULL, '2026-06-11 07:42:02', 1, NULL, NULL, '2026-06-03 09:13:33', '2026-06-11 07:42:02'),
	(9, 7, NULL, NULL, NULL, '7777', NULL, NULL, NULL, 'new', NULL, 0.00, 0.00, 0.00, NULL, NULL, NULL, 0, NULL, NULL, '2026-06-08 09:11:24', '2026-06-08 09:11:24');

-- Dumping data for table qlbh.repairs: ~0 rows (approximately)

-- Dumping data for table qlbh.repair_images: ~0 rows (approximately)

-- Dumping data for table qlbh.repair_timelines: ~0 rows (approximately)

-- Dumping data for table qlbh.roles: ~2 rows (approximately)
REPLACE INTO `roles` (`id`, `name`, `guard_name`, `created_at`, `updated_at`) VALUES
	(1, 'Super Admin', 'web', '2026-06-03 08:31:16', '2026-06-03 08:31:16'),
	(2, 'admin', 'web', '2026-06-03 08:31:16', '2026-06-03 08:31:16');

-- Dumping data for table qlbh.role_has_permissions: ~30 rows (approximately)
REPLACE INTO `role_has_permissions` (`permission_id`, `role_id`) VALUES
	(1, 1),
	(2, 1),
	(3, 1),
	(4, 1),
	(5, 1),
	(6, 1),
	(7, 1),
	(8, 1),
	(9, 1),
	(10, 1),
	(11, 1),
	(12, 1),
	(13, 1),
	(1, 2),
	(2, 2),
	(3, 2),
	(4, 2),
	(5, 2),
	(6, 2),
	(7, 2),
	(8, 2),
	(9, 2),
	(10, 2),
	(11, 2),
	(12, 2),
	(13, 2),
	(14, 2),
	(15, 2),
	(16, 2),
	(17, 2);

-- Dumping data for table qlbh.sales: ~92 rows (approximately)
REPLACE INTO `sales` (`id`, `code`, `customer_id`, `user_id`, `subtotal`, `discount`, `tax`, `grand_total`, `paid_amount`, `change_amount`, `payment_method`, `status`, `note`, `created_at`, `updated_at`) VALUES
	(1, 'INV-20260603154652', 1, 1, 200000.00, 0.00, 0.00, 0.00, 0.00, 0.00, 'cash', 'completed', NULL, '2026-06-03 08:46:52', '2026-06-03 08:46:52'),
	(2, 'INV-20260603154944', 1, 1, 1200000.00, 0.00, 0.00, 0.00, 0.00, 0.00, 'cash', 'completed', NULL, '2026-06-03 08:49:44', '2026-06-03 08:49:44'),
	(3, 'INV-20260603234637', 1, 1, 1200000.00, 0.00, 0.00, 0.00, 0.00, 0.00, 'cash', 'completed', NULL, '2026-06-03 16:46:37', '2026-06-03 16:46:37'),
	(4, 'INV-20260606003315', NULL, 1, 50000.00, 0.00, 0.00, 0.00, 0.00, 0.00, 'cash', 'completed', NULL, '2026-06-05 17:33:15', '2026-06-05 17:33:15'),
	(5, 'INV-20260606155941', 1, 1, 50000.00, 0.00, 0.00, 0.00, 0.00, 0.00, 'cash', 'completed', NULL, '2026-06-06 08:59:41', '2026-06-06 08:59:41'),
	(6, 'INV-20260606160323', NULL, 1, 50000.00, 0.00, 0.00, 0.00, 0.00, 0.00, 'cash', 'completed', NULL, '2026-06-06 09:03:23', '2026-06-06 09:03:23'),
	(7, 'INV-20260606162507', 1, 1, 50000.00, 0.00, 0.00, 0.00, 0.00, 0.00, 'cash', 'completed', NULL, '2026-06-06 09:25:07', '2026-06-06 09:25:07'),
	(8, 'INV-20260606163228', 1, 1, 50000.00, 0.00, 0.00, 0.00, 0.00, 0.00, 'cash', 'completed', NULL, '2026-06-06 09:32:28', '2026-06-06 09:32:28'),
	(9, 'INV-20260606163249', NULL, 1, 50000.00, 0.00, 0.00, 0.00, 0.00, 0.00, 'cash', 'completed', NULL, '2026-06-06 09:32:49', '2026-06-06 09:32:49'),
	(10, 'INV-20260606163748', NULL, 1, 50000.00, 0.00, 0.00, 0.00, 0.00, 0.00, 'cash', 'completed', NULL, '2026-06-06 09:37:48', '2026-06-06 09:37:48'),
	(11, 'INV-20260606164820', NULL, 1, 50000.00, 0.00, 0.00, 0.00, 0.00, 0.00, 'cash', 'completed', NULL, '2026-06-06 09:48:20', '2026-06-06 09:48:20'),
	(12, 'INV-20260606164850', 1, 1, 50000.00, 0.00, 0.00, 0.00, 0.00, 0.00, 'cash', 'completed', NULL, '2026-06-06 09:48:50', '2026-06-06 09:48:50'),
	(13, 'INV-20260606164924', NULL, 1, 50000.00, 0.00, 0.00, 0.00, 0.00, 0.00, 'cash', 'completed', NULL, '2026-06-06 09:49:24', '2026-06-06 09:49:24'),
	(14, 'INV-20260606230830', 1, 1, 50000.00, 0.00, 0.00, 0.00, 0.00, 0.00, 'bank', 'completed', NULL, '2026-06-06 16:08:30', '2026-06-06 16:08:30'),
	(15, 'INV-20260606231502', 1, 1, 50000.00, 0.00, 0.00, 0.00, 0.00, 0.00, 'bank', 'completed', NULL, '2026-06-06 16:15:02', '2026-06-06 16:15:02'),
	(16, 'INV-20260606231608', 1, 1, 50000.00, 0.00, 0.00, 0.00, 0.00, 0.00, 'bank', 'completed', NULL, '2026-06-06 16:16:08', '2026-06-06 16:16:08'),
	(17, 'INV-20260606233751', NULL, 1, 50000.00, 0.00, 0.00, 0.00, 0.00, 0.00, 'bank', 'completed', NULL, '2026-06-06 16:37:51', '2026-06-06 16:37:51'),
	(18, 'INV-20260606233853', 1, 1, 50000.00, 0.00, 0.00, 0.00, 0.00, 0.00, 'bank', 'completed', NULL, '2026-06-06 16:38:53', '2026-06-06 16:38:53'),
	(19, 'INV-20260606233957', 1, 1, 50000.00, 0.00, 0.00, 0.00, 0.00, 0.00, 'bank', 'completed', NULL, '2026-06-06 16:39:57', '2026-06-06 16:39:57'),
	(20, 'INV-20260606234544', 1, 1, 50000.00, 0.00, 0.00, 0.00, 0.00, 0.00, 'bank', 'completed', NULL, '2026-06-06 16:45:44', '2026-06-06 16:45:44'),
	(21, 'INV-20260606235012', 1, 1, 50000.00, 0.00, 0.00, 0.00, 0.00, 0.00, 'bank', 'completed', NULL, '2026-06-06 16:50:12', '2026-06-06 16:50:12'),
	(22, 'INV-20260606235224', 1, 1, 50000.00, 0.00, 0.00, 0.00, 0.00, 0.00, 'bank', 'completed', NULL, '2026-06-06 16:52:24', '2026-06-06 16:52:24'),
	(23, 'INV-20260606235430', 1, 1, 50000.00, 0.00, 0.00, 0.00, 0.00, 0.00, 'bank', 'completed', NULL, '2026-06-06 16:54:30', '2026-06-06 16:54:30'),
	(24, 'INV-20260606235838', 1, 1, 50000.00, 0.00, 0.00, 0.00, 0.00, 0.00, 'bank', 'completed', NULL, '2026-06-06 16:58:38', '2026-06-06 16:58:38'),
	(25, 'INV-20260607001839', 1, 1, 50000.00, 0.00, 0.00, 0.00, 0.00, 0.00, 'cash', 'completed', NULL, '2026-06-06 17:18:39', '2026-06-06 17:18:39'),
	(26, 'INV-20260607002447', 1, 1, 50000.00, 0.00, 0.00, 0.00, 0.00, 0.00, 'cash', 'completed', NULL, '2026-06-06 17:24:47', '2026-06-06 17:24:47'),
	(27, 'INV-20260607002541', 1, 1, 50000.00, 0.00, 0.00, 0.00, 0.00, 0.00, 'cash', 'completed', NULL, '2026-06-06 17:25:41', '2026-06-06 17:25:41'),
	(28, 'INV-20260607002556', 1, 1, 50000.00, 0.00, 0.00, 0.00, 0.00, 0.00, 'cash', 'completed', NULL, '2026-06-06 17:25:56', '2026-06-06 17:25:56'),
	(29, 'INV-20260607002829', 1, 1, 50000.00, 0.00, 0.00, 0.00, 0.00, 0.00, 'cash', 'completed', NULL, '2026-06-06 17:28:29', '2026-06-06 17:28:29'),
	(30, 'INV-20260607142041', 1, 1, 100000.00, 0.00, 0.00, 100000.00, 0.00, 0.00, 'bank', 'completed', NULL, '2026-06-07 07:20:41', '2026-06-07 07:20:41'),
	(31, 'INV-20260607142254', NULL, 1, 50000.00, 0.00, 0.00, 50000.00, 0.00, 0.00, 'cash', 'completed', NULL, '2026-06-07 07:22:54', '2026-06-07 07:22:54'),
	(32, 'INV-20260607142814', 2, 1, 50000.00, 0.00, 0.00, 50000.00, 0.00, 0.00, 'cash', 'completed', NULL, '2026-06-07 07:28:14', '2026-06-07 07:28:14'),
	(33, 'INV-20260607143435', 3, 1, 50000.00, 0.00, 0.00, 50000.00, 0.00, 0.00, 'cash', 'completed', NULL, '2026-06-07 07:34:35', '2026-06-07 07:34:35'),
	(34, 'INV-20260607152835', NULL, 1, 50000.00, 0.00, 0.00, 50000.00, 0.00, 0.00, 'cash', 'completed', NULL, '2026-06-07 08:28:35', '2026-06-07 08:28:35'),
	(35, 'INV-20260607224253', 1, 1, 50000.00, 0.00, 0.00, 50000.00, 0.00, 0.00, 'cash', 'completed', NULL, '2026-06-07 15:42:53', '2026-06-07 15:42:53'),
	(36, 'INV-20260607225302', NULL, 1, 50000.00, 0.00, 0.00, 50000.00, 0.00, 0.00, 'cash', 'completed', NULL, '2026-06-07 15:53:02', '2026-06-07 15:53:02'),
	(37, 'INV-20260607230712', 1, 1, 50000.00, 0.00, 0.00, 50000.00, 0.00, 0.00, 'cash', 'completed', NULL, '2026-06-07 16:07:12', '2026-06-07 16:07:12'),
	(38, 'INV-20260608142407', NULL, 1, 50000.00, 0.00, 0.00, 50000.00, 0.00, 0.00, 'cash', 'completed', NULL, '2026-06-08 07:24:07', '2026-06-08 07:24:07'),
	(39, 'INV-20260609151136', 1, 1, 50000.00, 0.00, 0.00, 50000.00, 0.00, 0.00, 'cash', 'completed', NULL, '2026-06-09 08:11:36', '2026-06-09 08:11:36'),
	(40, 'INV-20260609151209', 1, 1, 50000.00, 0.00, 0.00, 50000.00, 0.00, 0.00, 'cash', 'completed', NULL, '2026-06-09 08:12:09', '2026-06-09 08:12:09'),
	(41, 'INV-20260609151241', 1, 1, 50000.00, 0.00, 0.00, 50000.00, 0.00, 0.00, 'cash', 'completed', NULL, '2026-06-09 08:12:41', '2026-06-09 08:12:41'),
	(42, 'INV-20260609152600', 1, 1, 50000.00, 0.00, 0.00, 50000.00, 0.00, 0.00, 'cash', 'completed', NULL, '2026-06-09 08:26:00', '2026-06-09 08:26:00'),
	(43, 'INV-20260609152626', 1, 1, 50000.00, 0.00, 0.00, 50000.00, 0.00, 0.00, 'cash', 'completed', NULL, '2026-06-09 08:26:26', '2026-06-09 08:26:26'),
	(44, 'INV-20260609152829', 1, 1, 50000.00, 0.00, 0.00, 50000.00, 0.00, 0.00, 'cash', 'completed', NULL, '2026-06-09 08:28:29', '2026-06-09 08:28:29'),
	(45, 'INV-20260609155144', 1, 1, 50000.00, 0.00, 0.00, 50000.00, 50000.00, 0.00, 'cash', 'completed', NULL, '2026-06-09 08:51:44', '2026-06-09 08:51:44'),
	(46, 'INV-20260609155208', 1, 1, 50000.00, 0.00, 0.00, 50000.00, 10000.00, 0.00, 'cash', 'completed', NULL, '2026-06-09 08:52:08', '2026-06-09 08:52:08'),
	(47, 'INV-20260609155252', 1, 1, 50000.00, 0.00, 0.00, 50000.00, 40000.00, 0.00, 'cash', 'completed', NULL, '2026-06-09 08:52:52', '2026-06-09 08:52:52'),
	(48, 'INV-20260609155326', 1, 1, 50000.00, 0.00, 0.00, 50000.00, 110000.00, 10000.00, 'cash', 'completed', NULL, '2026-06-09 08:53:26', '2026-06-09 08:53:26'),
	(49, 'INV-20260609155349', 1, 1, 50000.00, 0.00, 0.00, 50000.00, 50000.00, 0.00, 'cash', 'completed', NULL, '2026-06-09 08:53:49', '2026-06-09 08:53:49'),
	(50, 'INV-20260609160356', 1, 1, 50000.00, 0.00, 0.00, 50000.00, 10000.00, 0.00, 'cash', 'completed', NULL, '2026-06-09 09:03:56', '2026-06-09 09:03:56'),
	(51, 'INV-20260609163826', 1, 1, 50000.00, 0.00, 0.00, 50000.00, 90000.00, 0.00, 'cash', 'completed', NULL, '2026-06-09 09:38:26', '2026-06-09 09:38:26'),
	(52, 'INV-20260609163848', 1, 1, 50000.00, 0.00, 0.00, 50000.00, 0.00, 0.00, 'cash', 'completed', NULL, '2026-06-09 09:38:48', '2026-06-09 09:38:48'),
	(53, 'INV-20260609164955', 1, 1, 50000.00, 0.00, 0.00, 50000.00, 150000.00, 0.00, 'cash', 'completed', NULL, '2026-06-09 09:49:55', '2026-06-09 09:49:55'),
	(54, 'INV-20260609165011', 1, 1, 50000.00, 0.00, 0.00, 50000.00, 0.00, 0.00, 'cash', 'completed', NULL, '2026-06-09 09:50:11', '2026-06-09 09:50:11'),
	(55, 'INV-20260609172511', 1, 1, 50000.00, 0.00, 0.00, 50000.00, 150000.00, 0.00, 'cash', 'completed', NULL, '2026-06-09 10:25:11', '2026-06-09 10:25:11'),
	(56, 'INV-20260609172538', 1, 1, 50000.00, 0.00, 0.00, 50000.00, 100000.00, 50000.00, 'cash', 'completed', NULL, '2026-06-09 10:25:38', '2026-06-09 10:25:38'),
	(57, 'INV-20260609224354', 1, 1, 50000.00, 0.00, 0.00, 50000.00, 150000.00, 100000.00, 'cash', 'completed', NULL, '2026-06-09 15:43:54', '2026-06-09 15:43:54'),
	(58, 'INV-20260609224413', 1, 1, 50000.00, 0.00, 0.00, 50000.00, 150000.00, 100000.00, 'cash', 'completed', NULL, '2026-06-09 15:44:13', '2026-06-09 15:44:14'),
	(59, 'INV-20260609225746', 1, 1, 50000.00, 0.00, 0.00, 50000.00, 100000.00, 50000.00, 'cash', 'completed', NULL, '2026-06-09 15:57:46', '2026-06-09 15:57:46'),
	(60, 'INV-20260609230354', 1, 1, 50000.00, 0.00, 0.00, 50000.00, 100000.00, 50000.00, 'cash', 'completed', NULL, '2026-06-09 16:03:54', '2026-06-09 16:03:54'),
	(61, 'INV-20260609230421', 1, 1, 50000.00, 0.00, 0.00, 50000.00, 100000.00, 50000.00, 'cash', 'completed', NULL, '2026-06-09 16:04:21', '2026-06-09 16:04:21'),
	(62, 'INV-20260609231121', 1, 1, 50000.00, 0.00, 0.00, 50000.00, 100000.00, 50000.00, 'cash', 'completed', NULL, '2026-06-09 16:11:21', '2026-06-09 16:11:21'),
	(63, 'INV-20260609231148', 1, 1, 50000.00, 0.00, 0.00, 50000.00, 0.00, 0.00, 'cash', 'completed', NULL, '2026-06-09 16:11:48', '2026-06-09 16:11:48'),
	(64, 'INV-20260609235023', 1, 1, 50000.00, 0.00, 0.00, 50000.00, 200000.00, 0.00, 'cash', 'completed', NULL, '2026-06-09 16:50:23', '2026-06-09 16:50:23'),
	(65, 'INV-20260609235117', 1, 1, 50000.00, 0.00, 0.00, 50000.00, 0.00, 0.00, 'cash', 'completed', NULL, '2026-06-09 16:51:17', '2026-06-09 16:51:17'),
	(66, 'INV-20260609235207', 1, 1, 50000.00, 0.00, 0.00, 50000.00, 200000.00, 0.00, 'cash', 'completed', NULL, '2026-06-09 16:52:07', '2026-06-09 16:52:07'),
	(67, 'INV-20260609235237', NULL, 1, 50000.00, 0.00, 0.00, 50000.00, 0.00, 0.00, 'cash', 'completed', NULL, '2026-06-09 16:52:37', '2026-06-09 16:52:37'),
	(68, 'INV-20260609235352', 1, 1, 50000.00, 0.00, 0.00, 50000.00, 0.00, 0.00, 'cash', 'completed', NULL, '2026-06-09 16:53:52', '2026-06-09 16:53:52'),
	(69, 'INV-20260609235456', 1, 1, 50000.00, 0.00, 0.00, 50000.00, 100000.00, 0.00, 'cash', 'completed', NULL, '2026-06-09 16:54:56', '2026-06-09 16:54:56'),
	(70, 'INV-20260609235606', 1, 1, 50000.00, 0.00, 0.00, 50000.00, 20000.00, 0.00, 'cash', 'completed', NULL, '2026-06-09 16:56:06', '2026-06-09 16:56:06'),
	(71, 'INV-20260609235656', 1, 1, 50000.00, 0.00, 0.00, 50000.00, 100000.00, 20000.00, 'cash', 'completed', NULL, '2026-06-09 16:56:56', '2026-06-09 16:56:56'),
	(72, 'INV-20260610151907', 1, 1, 50000.00, 0.00, 0.00, 50000.00, 0.00, 0.00, 'cash', 'completed', NULL, '2026-06-10 08:19:07', '2026-06-10 08:19:07'),
	(73, 'INV-20260610160853', 1, 1, 50000.00, 0.00, 0.00, 50000.00, 60000.00, 10000.00, 'cash', 'completed', NULL, '2026-06-10 09:08:53', '2026-06-10 09:08:53'),
	(74, 'INV-20260610160930', 1, 1, 50000.00, 0.00, 0.00, 50000.00, 60000.00, 0.00, 'cash', 'completed', NULL, '2026-06-10 09:09:30', '2026-06-10 09:09:30'),
	(75, 'INV-20260610161306', 1, 1, 50000.00, 0.00, 0.00, 50000.00, 0.00, 0.00, 'cash', 'completed', NULL, '2026-06-10 09:13:06', '2026-06-10 09:13:06'),
	(76, 'INV-20260610161336', 1, 1, 50000.00, 0.00, 0.00, 50000.00, 20000.00, 0.00, 'cash', 'completed', NULL, '2026-06-10 09:13:36', '2026-06-10 09:13:36'),
	(77, 'INV-20260610161411', 1, 1, 50000.00, 0.00, 0.00, 50000.00, 100000.00, 0.00, 'cash', 'completed', NULL, '2026-06-10 09:14:11', '2026-06-10 09:14:11'),
	(78, 'INV-20260610161634', 1, 1, 50000.00, 0.00, 0.00, 50000.00, 50000.00, 0.00, 'cash', 'completed', NULL, '2026-06-10 09:16:34', '2026-06-10 09:16:34'),
	(79, 'INV-20260610161709', 1, 1, 50000.00, 0.00, 0.00, 50000.00, 50000.00, 0.00, 'cash', 'completed', NULL, '2026-06-10 09:17:09', '2026-06-10 09:17:09'),
	(80, 'INV-20260610161830', 1, 1, 50000.00, 0.00, 0.00, 50000.00, 60000.00, 0.00, 'cash', 'completed', NULL, '2026-06-10 09:18:30', '2026-06-10 09:18:30'),
	(81, 'INV-20260610161910', 1, 1, 50000.00, 0.00, 0.00, 50000.00, 60000.00, 0.00, 'cash', 'completed', NULL, '2026-06-10 09:19:10', '2026-06-10 09:19:10'),
	(82, 'INV-20260610161943', 1, 1, 50000.00, 0.00, 0.00, 50000.00, 60000.00, 0.00, 'cash', 'completed', NULL, '2026-06-10 09:19:43', '2026-06-10 09:19:43'),
	(83, 'INV-20260610225328', NULL, 1, 50000.00, 0.00, 0.00, 50000.00, 0.00, 0.00, 'cash', 'completed', NULL, '2026-06-10 15:53:28', '2026-06-10 15:53:28'),
	(84, 'INV-20260610230953', 1, 1, 50000.00, 0.00, 0.00, 50000.00, 0.00, 0.00, 'cash', 'completed', NULL, '2026-06-10 16:09:53', '2026-06-10 16:09:53'),
	(85, 'INV-20260611144202', 1, 1, 1200000.00, 0.00, 0.00, 1200000.00, 1250000.00, 0.00, 'cash', 'completed', NULL, '2026-06-11 07:42:02', '2026-06-11 07:42:02'),
	(86, 'INV-20260611150208', 1, 1, 2200000.00, 0.00, 0.00, 2200000.00, 0.00, 0.00, 'cash', 'completed', NULL, '2026-06-11 08:02:08', '2026-06-11 08:02:08'),
	(87, 'INV-20260611150903', 1, 1, 50000.00, 0.00, 0.00, 50000.00, 2000000.00, 0.00, 'cash', 'completed', NULL, '2026-06-11 08:09:03', '2026-06-11 08:09:03'),
	(88, 'INV-20260611151254', 1, 1, 50000.00, 0.00, 0.00, 50000.00, 300000.00, 0.00, 'cash', 'completed', NULL, '2026-06-11 08:12:54', '2026-06-11 08:12:54'),
	(89, 'INV-20260611151600', 1, 1, 50000.00, 0.00, 0.00, 50000.00, 300000.00, 250000.00, 'cash', 'completed', NULL, '2026-06-11 08:16:00', '2026-06-11 08:16:00'),
	(90, 'INV-20260611151626', 1, 1, 50000.00, 0.00, 0.00, 50000.00, 300000.00, 250000.00, 'cash', 'completed', NULL, '2026-06-11 08:16:26', '2026-06-11 08:16:26'),
	(91, 'INV-20260611151724', 1, 1, 50000.00, 0.00, 0.00, 50000.00, 50000.00, 0.00, 'cash', 'completed', NULL, '2026-06-11 08:17:24', '2026-06-11 08:17:24'),
	(92, 'INV-20260611151741', 1, 1, 50000.00, 0.00, 0.00, 50000.00, 50000.00, 0.00, 'cash', 'completed', NULL, '2026-06-11 08:17:41', '2026-06-11 08:17:41'),
	(93, 'INV-20260611151752', 1, 1, 50000.00, 0.00, 0.00, 50000.00, 50000.00, 0.00, 'cash', 'completed', NULL, '2026-06-11 08:17:52', '2026-06-11 08:17:52'),
	(94, 'INV-20260611151851', 1, 1, 50000.00, 0.00, 0.00, 50000.00, 50000.00, 0.00, 'cash', 'completed', NULL, '2026-06-11 08:18:51', '2026-06-11 08:18:51'),
	(95, 'INV-20260611152952', 1, 1, 50000.00, 0.00, 0.00, 50000.00, 50000.00, 0.00, 'cash', 'completed', NULL, '2026-06-11 08:29:52', '2026-06-11 08:29:52'),
	(96, 'INV-20260611153012', 1, 1, 50000.00, 0.00, 0.00, 50000.00, 50000.00, 0.00, 'cash', 'completed', NULL, '2026-06-11 08:30:12', '2026-06-11 08:30:12'),
	(97, 'INV-20260611153026', 1, 1, 50000.00, 0.00, 0.00, 50000.00, 50000.00, 0.00, 'cash', 'completed', NULL, '2026-06-11 08:30:26', '2026-06-11 08:30:26'),
	(98, 'INV-20260611225059', 1, 1, 50000.00, 0.00, 0.00, 50000.00, 50000.00, 0.00, 'cash', 'completed', NULL, '2026-06-11 15:50:59', '2026-06-11 15:50:59'),
	(99, 'INV-20260611225424', 1, 1, 50000.00, 0.00, 0.00, 50000.00, 50000.00, 0.00, 'cash', 'completed', NULL, '2026-06-11 15:54:24', '2026-06-11 15:54:24'),
	(100, 'INV-20260611230957', 1, 1, 50000.00, 0.00, 0.00, 50000.00, 50000.00, 0.00, 'cash', 'completed', NULL, '2026-06-11 16:09:57', '2026-06-11 16:09:57'),
	(101, 'INV-20260611231040', 1, 1, 50000.00, 0.00, 0.00, 50000.00, 20000.00, 0.00, 'cash', 'completed', NULL, '2026-06-11 16:10:40', '2026-06-11 16:10:40'),
	(102, 'INV-20260611231949', 1, 1, 50000.00, 0.00, 0.00, 50000.00, 0.00, 0.00, 'cash', 'completed', NULL, '2026-06-11 16:19:49', '2026-06-11 16:19:49'),
	(103, 'INV-20260611232313', 1, 1, 50000.00, 0.00, 0.00, 50000.00, 0.00, 0.00, 'cash', 'completed', NULL, '2026-06-11 16:23:13', '2026-06-11 16:23:13'),
	(104, 'INV-20260611234130', 1, 1, 50000.00, 0.00, 0.00, 50000.00, 0.00, 0.00, 'cash', 'completed', NULL, '2026-06-11 16:41:30', '2026-06-11 16:41:30'),
	(105, 'INV-20260611234259', 1, 1, 50000.00, 0.00, 0.00, 50000.00, 200000.00, 0.00, 'cash', 'completed', NULL, '2026-06-11 16:42:59', '2026-06-11 16:42:59'),
	(106, 'INV-20260612000341', 1, 1, 50000.00, 0.00, 0.00, 50000.00, 80000.00, 0.00, 'cash', 'completed', NULL, '2026-06-11 17:03:41', '2026-06-11 17:03:41'),
	(107, 'INV-20260612001226', 1, 1, 200000.00, 0.00, 0.00, 200000.00, 0.00, 0.00, 'cash', 'completed', NULL, '2026-06-11 17:12:26', '2026-06-11 17:12:26'),
	(109, 'INV-20260613000031', 1, 1, 50000.00, 0.00, 0.00, 50000.00, 250000.00, 0.00, 'cash', 'completed', NULL, '2026-06-12 17:00:31', '2026-06-12 17:00:31'),
	(110, 'INV-20260613001856', 1, 1, 50000.00, 0.00, 0.00, 50000.00, 0.00, 0.00, 'cash', 'completed', NULL, '2026-06-12 17:18:56', '2026-06-12 17:18:56');

-- Dumping data for table qlbh.sale_items: ~109 rows (approximately)
REPLACE INTO `sale_items` (`id`, `sale_id`, `product_id`, `product_imei_id`, `quantity`, `unit_price`, `discount`, `tax`, `subtotal`, `note`, `created_at`, `updated_at`, `gift_product_id`) VALUES
	(1, 1, 3, NULL, 1, 200000.00, 0.00, 0.00, 200000.00, '0.00', '2026-06-03 08:46:52', '2026-06-03 08:46:52', NULL),
	(2, 2, 1, 1, 1, 1200000.00, 0.00, 0.00, 1200000.00, '0.00', '2026-06-03 08:49:44', '2026-06-03 08:49:44', NULL),
	(3, 3, 1, 2, 1, 1200000.00, 0.00, 0.00, 1200000.00, '0.00', '2026-06-03 16:46:37', '2026-06-03 16:46:37', NULL),
	(4, 4, 4, NULL, 1, 50000.00, 0.00, 0.00, 50000.00, '0.00', '2026-06-05 17:33:15', '2026-06-05 17:33:15', NULL),
	(5, 5, 4, NULL, 1, 50000.00, 0.00, 0.00, 50000.00, '0.00', '2026-06-06 08:59:41', '2026-06-06 08:59:41', NULL),
	(6, 6, 4, NULL, 1, 50000.00, 0.00, 0.00, 50000.00, '0.00', '2026-06-06 09:03:23', '2026-06-06 09:03:23', NULL),
	(7, 7, 4, NULL, 1, 50000.00, 0.00, 0.00, 50000.00, '0.00', '2026-06-06 09:25:07', '2026-06-06 09:25:07', NULL),
	(8, 8, 4, NULL, 1, 50000.00, 0.00, 0.00, 50000.00, '0.00', '2026-06-06 09:32:28', '2026-06-06 09:32:28', NULL),
	(9, 9, 4, NULL, 1, 50000.00, 0.00, 0.00, 50000.00, '0.00', '2026-06-06 09:32:49', '2026-06-06 09:32:49', NULL),
	(10, 10, 4, NULL, 1, 50000.00, 0.00, 0.00, 50000.00, '0.00', '2026-06-06 09:37:48', '2026-06-06 09:37:48', NULL),
	(11, 11, 4, NULL, 1, 50000.00, 0.00, 0.00, 50000.00, '0.00', '2026-06-06 09:48:20', '2026-06-06 09:48:20', NULL),
	(12, 12, 4, NULL, 1, 50000.00, 0.00, 0.00, 50000.00, '0.00', '2026-06-06 09:48:50', '2026-06-06 09:48:50', NULL),
	(13, 13, 4, NULL, 1, 50000.00, 0.00, 0.00, 50000.00, '0.00', '2026-06-06 09:49:24', '2026-06-06 09:49:24', NULL),
	(14, 14, 4, NULL, 1, 50000.00, 0.00, 0.00, 50000.00, '0.00', '2026-06-06 16:08:30', '2026-06-06 16:08:30', NULL),
	(15, 15, 4, NULL, 1, 50000.00, 0.00, 0.00, 50000.00, '0.00', '2026-06-06 16:15:02', '2026-06-06 16:15:02', NULL),
	(16, 16, 4, NULL, 1, 50000.00, 0.00, 0.00, 50000.00, '0.00', '2026-06-06 16:16:08', '2026-06-06 16:16:08', NULL),
	(17, 17, 4, NULL, 1, 50000.00, 0.00, 0.00, 50000.00, '0.00', '2026-06-06 16:37:51', '2026-06-06 16:37:51', NULL),
	(18, 18, 4, NULL, 1, 50000.00, 0.00, 0.00, 50000.00, '0.00', '2026-06-06 16:38:53', '2026-06-06 16:38:53', NULL),
	(19, 19, 4, NULL, 1, 50000.00, 0.00, 0.00, 50000.00, '0.00', '2026-06-06 16:39:57', '2026-06-06 16:39:57', NULL),
	(20, 20, 4, NULL, 1, 50000.00, 0.00, 0.00, 50000.00, '0.00', '2026-06-06 16:45:44', '2026-06-06 16:45:44', NULL),
	(21, 21, 4, NULL, 1, 50000.00, 0.00, 0.00, 50000.00, '0.00', '2026-06-06 16:50:12', '2026-06-06 16:50:12', NULL),
	(22, 22, 4, NULL, 1, 50000.00, 0.00, 0.00, 50000.00, '0.00', '2026-06-06 16:52:24', '2026-06-06 16:52:24', NULL),
	(23, 23, 4, NULL, 1, 50000.00, 0.00, 0.00, 50000.00, '0.00', '2026-06-06 16:54:30', '2026-06-06 16:54:30', NULL),
	(24, 24, 4, NULL, 1, 50000.00, 0.00, 0.00, 50000.00, '0.00', '2026-06-06 16:58:38', '2026-06-06 16:58:38', NULL),
	(25, 25, 4, NULL, 1, 50000.00, 0.00, 0.00, 50000.00, '0.00', '2026-06-06 17:18:39', '2026-06-06 17:18:39', NULL),
	(26, 26, 4, NULL, 1, 50000.00, 0.00, 0.00, 50000.00, '0.00', '2026-06-06 17:24:47', '2026-06-06 17:24:47', NULL),
	(27, 27, 4, NULL, 1, 50000.00, 0.00, 0.00, 50000.00, '0.00', '2026-06-06 17:25:41', '2026-06-06 17:25:41', NULL),
	(28, 28, 4, NULL, 1, 50000.00, 0.00, 0.00, 50000.00, '0.00', '2026-06-06 17:25:56', '2026-06-06 17:25:56', NULL),
	(29, 29, 4, NULL, 1, 50000.00, 0.00, 0.00, 50000.00, '0.00', '2026-06-06 17:28:30', '2026-06-06 17:28:30', NULL),
	(30, 30, 4, NULL, 2, 50000.00, 0.00, 0.00, 100000.00, '0.00', '2026-06-07 07:20:42', '2026-06-07 07:20:42', NULL),
	(31, 31, 4, NULL, 1, 50000.00, 0.00, 0.00, 50000.00, '0.00', '2026-06-07 07:22:54', '2026-06-07 07:22:54', NULL),
	(32, 32, 4, NULL, 1, 50000.00, 0.00, 0.00, 50000.00, '0.00', '2026-06-07 07:28:14', '2026-06-07 07:28:14', NULL),
	(33, 33, 4, NULL, 1, 50000.00, 0.00, 0.00, 50000.00, '0.00', '2026-06-07 07:34:35', '2026-06-07 07:34:35', NULL),
	(34, 34, 4, NULL, 1, 50000.00, 0.00, 0.00, 50000.00, '0.00', '2026-06-07 08:28:35', '2026-06-07 08:28:35', NULL),
	(35, 35, 4, NULL, 1, 50000.00, 0.00, 0.00, 50000.00, '0.00', '2026-06-07 15:42:53', '2026-06-07 15:42:53', NULL),
	(36, 36, 4, NULL, 1, 50000.00, 0.00, 0.00, 50000.00, '0.00', '2026-06-07 15:53:02', '2026-06-07 15:53:02', NULL),
	(37, 37, 4, NULL, 1, 50000.00, 0.00, 0.00, 50000.00, '0.00', '2026-06-07 16:07:12', '2026-06-07 16:07:12', NULL),
	(38, 38, 4, NULL, 1, 50000.00, 0.00, 0.00, 50000.00, '0.00', '2026-06-08 07:24:07', '2026-06-08 07:24:07', NULL),
	(39, 39, 4, NULL, 1, 50000.00, 0.00, 0.00, 50000.00, '0.00', '2026-06-09 08:11:36', '2026-06-09 08:11:36', NULL),
	(40, 40, 4, NULL, 1, 50000.00, 0.00, 0.00, 50000.00, '0.00', '2026-06-09 08:12:09', '2026-06-09 08:12:09', NULL),
	(41, 41, 4, NULL, 1, 50000.00, 0.00, 0.00, 50000.00, '0.00', '2026-06-09 08:12:41', '2026-06-09 08:12:41', NULL),
	(42, 42, 4, NULL, 1, 50000.00, 0.00, 0.00, 50000.00, '0.00', '2026-06-09 08:26:00', '2026-06-09 08:26:00', NULL),
	(43, 43, 4, NULL, 1, 50000.00, 0.00, 0.00, 50000.00, '0.00', '2026-06-09 08:26:26', '2026-06-09 08:26:26', NULL),
	(44, 44, 4, NULL, 1, 50000.00, 0.00, 0.00, 50000.00, '0.00', '2026-06-09 08:28:29', '2026-06-09 08:28:29', NULL),
	(45, 45, 4, NULL, 1, 50000.00, 0.00, 0.00, 50000.00, '0.00', '2026-06-09 08:51:44', '2026-06-09 08:51:44', NULL),
	(46, 46, 4, NULL, 1, 50000.00, 0.00, 0.00, 50000.00, '0.00', '2026-06-09 08:52:08', '2026-06-09 08:52:08', NULL),
	(47, 47, 4, NULL, 1, 50000.00, 0.00, 0.00, 50000.00, '0.00', '2026-06-09 08:52:52', '2026-06-09 08:52:52', NULL),
	(48, 48, 4, NULL, 1, 50000.00, 0.00, 0.00, 50000.00, '0.00', '2026-06-09 08:53:26', '2026-06-09 08:53:26', NULL),
	(49, 49, 4, NULL, 1, 50000.00, 0.00, 0.00, 50000.00, '0.00', '2026-06-09 08:53:49', '2026-06-09 08:53:49', NULL),
	(50, 50, 4, NULL, 1, 50000.00, 0.00, 0.00, 50000.00, '0.00', '2026-06-09 09:03:56', '2026-06-09 09:03:56', NULL),
	(51, 51, 4, NULL, 1, 50000.00, 0.00, 0.00, 50000.00, '0.00', '2026-06-09 09:38:26', '2026-06-09 09:38:26', NULL),
	(52, 52, 4, NULL, 1, 50000.00, 0.00, 0.00, 50000.00, '0.00', '2026-06-09 09:38:48', '2026-06-09 09:38:48', NULL),
	(53, 53, 4, NULL, 1, 50000.00, 0.00, 0.00, 50000.00, '0.00', '2026-06-09 09:49:55', '2026-06-09 09:49:55', NULL),
	(54, 54, 4, NULL, 1, 50000.00, 0.00, 0.00, 50000.00, '0.00', '2026-06-09 09:50:11', '2026-06-09 09:50:11', NULL),
	(55, 55, 8, NULL, 1, 50000.00, 0.00, 0.00, 50000.00, '0.00', '2026-06-09 10:25:11', '2026-06-09 10:25:11', NULL),
	(56, 56, 8, NULL, 1, 50000.00, 0.00, 0.00, 50000.00, '0.00', '2026-06-09 10:25:38', '2026-06-09 10:25:38', NULL),
	(57, 57, 8, NULL, 1, 50000.00, 0.00, 0.00, 50000.00, '0.00', '2026-06-09 15:43:54', '2026-06-09 15:43:54', NULL),
	(58, 58, 8, NULL, 1, 50000.00, 0.00, 0.00, 50000.00, '0.00', '2026-06-09 15:44:13', '2026-06-09 15:44:13', NULL),
	(59, 59, 4, NULL, 1, 50000.00, 0.00, 0.00, 50000.00, '0.00', '2026-06-09 15:57:46', '2026-06-09 15:57:46', NULL),
	(60, 60, 4, NULL, 1, 50000.00, 0.00, 0.00, 50000.00, '0.00', '2026-06-09 16:03:54', '2026-06-09 16:03:54', NULL),
	(61, 61, 4, NULL, 1, 50000.00, 0.00, 0.00, 50000.00, '0.00', '2026-06-09 16:04:21', '2026-06-09 16:04:21', NULL),
	(62, 62, 4, NULL, 1, 50000.00, 0.00, 0.00, 50000.00, '0.00', '2026-06-09 16:11:21', '2026-06-09 16:11:21', NULL),
	(63, 63, 4, NULL, 1, 50000.00, 0.00, 0.00, 50000.00, '0.00', '2026-06-09 16:11:48', '2026-06-09 16:11:48', NULL),
	(64, 64, 4, NULL, 1, 50000.00, 0.00, 0.00, 50000.00, '0.00', '2026-06-09 16:50:23', '2026-06-09 16:50:23', NULL),
	(65, 65, 4, NULL, 1, 50000.00, 0.00, 0.00, 50000.00, '0.00', '2026-06-09 16:51:17', '2026-06-09 16:51:17', NULL),
	(66, 66, 4, NULL, 1, 50000.00, 0.00, 0.00, 50000.00, '0.00', '2026-06-09 16:52:07', '2026-06-09 16:52:07', NULL),
	(67, 67, 4, NULL, 1, 50000.00, 0.00, 0.00, 50000.00, '0.00', '2026-06-09 16:52:37', '2026-06-09 16:52:37', NULL),
	(68, 68, 4, NULL, 1, 50000.00, 0.00, 0.00, 50000.00, '0.00', '2026-06-09 16:53:52', '2026-06-09 16:53:52', NULL),
	(69, 69, 4, NULL, 1, 50000.00, 0.00, 0.00, 50000.00, '0.00', '2026-06-09 16:54:56', '2026-06-09 16:54:56', NULL),
	(70, 70, 4, NULL, 1, 50000.00, 0.00, 0.00, 50000.00, '0.00', '2026-06-09 16:56:06', '2026-06-09 16:56:06', NULL),
	(71, 71, 4, NULL, 1, 50000.00, 0.00, 0.00, 50000.00, '0.00', '2026-06-09 16:56:56', '2026-06-09 16:56:56', NULL),
	(72, 72, 4, NULL, 1, 50000.00, 0.00, 0.00, 50000.00, '0.00', '2026-06-10 08:19:07', '2026-06-10 08:19:07', NULL),
	(73, 73, 4, NULL, 1, 50000.00, 0.00, 0.00, 50000.00, '0.00', '2026-06-10 09:08:53', '2026-06-10 09:08:53', NULL),
	(74, 74, 4, NULL, 1, 50000.00, 0.00, 0.00, 50000.00, '0.00', '2026-06-10 09:09:30', '2026-06-10 09:09:30', NULL),
	(75, 75, 4, NULL, 1, 50000.00, 0.00, 0.00, 50000.00, '0.00', '2026-06-10 09:13:06', '2026-06-10 09:13:06', NULL),
	(76, 76, 4, NULL, 1, 50000.00, 0.00, 0.00, 50000.00, '0.00', '2026-06-10 09:13:36', '2026-06-10 09:13:36', NULL),
	(77, 77, 4, NULL, 1, 50000.00, 0.00, 0.00, 50000.00, '0.00', '2026-06-10 09:14:11', '2026-06-10 09:14:11', NULL),
	(78, 78, 4, NULL, 1, 50000.00, 0.00, 0.00, 50000.00, '0.00', '2026-06-10 09:16:34', '2026-06-10 09:16:34', NULL),
	(79, 79, 4, NULL, 1, 50000.00, 0.00, 0.00, 50000.00, '0.00', '2026-06-10 09:17:09', '2026-06-10 09:17:09', NULL),
	(80, 80, 4, NULL, 1, 50000.00, 0.00, 0.00, 50000.00, '0.00', '2026-06-10 09:18:30', '2026-06-10 09:18:30', NULL),
	(81, 81, 4, NULL, 1, 50000.00, 0.00, 0.00, 50000.00, '0.00', '2026-06-10 09:19:10', '2026-06-10 09:19:10', NULL),
	(82, 82, 4, NULL, 1, 50000.00, 0.00, 0.00, 50000.00, '0.00', '2026-06-10 09:19:43', '2026-06-10 09:19:43', NULL),
	(83, 83, 4, NULL, 1, 50000.00, 0.00, 0.00, 50000.00, '0.00', '2026-06-10 15:53:28', '2026-06-10 15:53:28', NULL),
	(84, 84, 4, NULL, 1, 50000.00, 0.00, 0.00, 50000.00, '0.00', '2026-06-10 16:09:53', '2026-06-10 16:09:53', NULL),
	(85, 85, 5, 7, 1, 1200000.00, 0.00, 0.00, 1200000.00, '0.00', '2026-06-11 07:42:02', '2026-06-11 07:42:02', NULL),
	(86, 86, 2, 3, 1, 2200000.00, 0.00, 0.00, 2200000.00, '0.00', '2026-06-11 08:02:08', '2026-06-11 08:02:08', NULL),
	(87, 87, 4, NULL, 1, 50000.00, 0.00, 0.00, 50000.00, '0.00', '2026-06-11 08:09:03', '2026-06-11 08:09:03', NULL),
	(88, 88, 4, NULL, 1, 50000.00, 0.00, 0.00, 50000.00, '0.00', '2026-06-11 08:12:54', '2026-06-11 08:12:54', NULL),
	(89, 89, 4, NULL, 1, 50000.00, 0.00, 0.00, 50000.00, '0.00', '2026-06-11 08:16:00', '2026-06-11 08:16:00', NULL),
	(90, 90, 4, NULL, 1, 50000.00, 0.00, 0.00, 50000.00, '0.00', '2026-06-11 08:16:26', '2026-06-11 08:16:26', NULL),
	(91, 91, 4, NULL, 1, 50000.00, 0.00, 0.00, 50000.00, '0.00', '2026-06-11 08:17:24', '2026-06-11 08:17:24', NULL),
	(92, 92, 4, NULL, 1, 50000.00, 0.00, 0.00, 50000.00, '0.00', '2026-06-11 08:17:41', '2026-06-11 08:17:41', NULL),
	(93, 93, 4, NULL, 1, 50000.00, 0.00, 0.00, 50000.00, '0.00', '2026-06-11 08:17:52', '2026-06-11 08:17:52', NULL),
	(94, 94, 4, NULL, 1, 50000.00, 0.00, 0.00, 50000.00, '0.00', '2026-06-11 08:18:51', '2026-06-11 08:18:51', NULL),
	(95, 95, 4, NULL, 1, 50000.00, 0.00, 0.00, 50000.00, '0.00', '2026-06-11 08:29:52', '2026-06-11 08:29:52', NULL),
	(96, 96, 4, NULL, 1, 50000.00, 0.00, 0.00, 50000.00, '0.00', '2026-06-11 08:30:12', '2026-06-11 08:30:12', NULL),
	(97, 97, 4, NULL, 1, 50000.00, 0.00, 0.00, 50000.00, '0.00', '2026-06-11 08:30:26', '2026-06-11 08:30:26', NULL),
	(98, 98, 4, NULL, 1, 50000.00, 0.00, 0.00, 50000.00, '0.00', '2026-06-11 15:50:59', '2026-06-11 15:50:59', NULL),
	(99, 99, 4, NULL, 1, 50000.00, 0.00, 0.00, 50000.00, '0.00', '2026-06-11 15:54:24', '2026-06-11 15:54:24', NULL),
	(100, 100, 4, NULL, 1, 50000.00, 0.00, 0.00, 50000.00, '0.00', '2026-06-11 16:09:57', '2026-06-11 16:09:57', NULL),
	(101, 101, 4, NULL, 1, 50000.00, 0.00, 0.00, 50000.00, '0.00', '2026-06-11 16:10:40', '2026-06-11 16:10:40', NULL),
	(102, 102, 4, NULL, 1, 50000.00, 0.00, 0.00, 50000.00, '0.00', '2026-06-11 16:19:49', '2026-06-11 16:19:49', NULL),
	(103, 103, 4, NULL, 1, 50000.00, 0.00, 0.00, 50000.00, '0.00', '2026-06-11 16:23:13', '2026-06-11 16:23:13', NULL),
	(104, 104, 4, NULL, 1, 50000.00, 0.00, 0.00, 50000.00, '0.00', '2026-06-11 16:41:30', '2026-06-11 16:41:30', NULL),
	(105, 105, 4, NULL, 1, 50000.00, 0.00, 0.00, 50000.00, '0.00', '2026-06-11 16:42:59', '2026-06-11 16:42:59', NULL),
	(106, 106, 4, NULL, 1, 50000.00, 0.00, 0.00, 50000.00, '0.00', '2026-06-11 17:03:41', '2026-06-11 17:03:41', NULL),
	(107, 107, 3, 6, 1, 200000.00, 0.00, 0.00, 200000.00, '0.00', '2026-06-11 17:12:26', '2026-06-11 17:12:26', NULL),
	(108, 109, 4, NULL, 1, 50000.00, 0.00, 0.00, 50000.00, '0.00', '2026-06-12 17:00:31', '2026-06-12 17:00:31', NULL),
	(109, 110, 4, NULL, 1, 50000.00, 0.00, 0.00, 50000.00, '0.00', '2026-06-12 17:18:56', '2026-06-12 17:18:56', NULL);

-- Dumping data for table qlbh.sessions: ~0 rows (approximately)
REPLACE INTO `sessions` (`id`, `user_id`, `ip_address`, `user_agent`, `payload`, `last_activity`) VALUES
	('F36IvzbhxFzZSfpFWjucJ44E5WpFCzH6NGRBkl0m', NULL, '127.0.0.1', 'Mozilla/5.0 (Windows NT 10.0; Win64; x64) AppleWebKit/537.36 (KHTML, like Gecko) Chrome/147.0.0.0 Safari/537.36', 'YToyOntzOjY6Il90b2tlbiI7czo0MDoiMDdJOHNrNDZ3OGNkd2E0dXFvWUxYcFlnMThPUlFsNWgwRXMxbENVWCI7czo2OiJfZmxhc2giO2E6Mjp7czozOiJvbGQiO2E6MDp7fXM6MzoibmV3IjthOjA6e319fQ==', 1780959849),
	('gzWH7zgjdykDgLOh39sDuKNbyhiooZOC977N4cG2', NULL, '127.0.0.1', 'Mozilla/5.0 (Windows NT 10.0; Win64; x64) AppleWebKit/537.36 (KHTML, like Gecko) Chrome/147.0.0.0 Safari/537.36', 'YToyOntzOjY6Il90b2tlbiI7czo0MDoiYzhqaTBOS1k5ekViZ1d2VEF1Vmp6bHczZXc2RGZIdWNJc1dTdWpiaiI7czo2OiJfZmxhc2giO2E6Mjp7czozOiJvbGQiO2E6MDp7fXM6MzoibmV3IjthOjA6e319fQ==', 1780584627),
	('puzErUCO9S5zU1Lc130FjLvh6MKfm7seeSlmlw8W', NULL, '127.0.0.1', 'Mozilla/5.0 (Windows NT 10.0; Win64; x64) AppleWebKit/537.36 (KHTML, like Gecko) Chrome/147.0.0.0 Safari/537.36', 'YToyOntzOjY6Il90b2tlbiI7czo0MDoiSDJZZEhHNWZIblpnM05yS1JZZkRxYnFXaURUR3BOVE9zbDA4dUlieCI7czo2OiJfZmxhc2giO2E6Mjp7czozOiJvbGQiO2E6MDp7fXM6MzoibmV3IjthOjA6e319fQ==', 1781222833);

-- Dumping data for table qlbh.suppliers: ~0 rows (approximately)

-- Dumping data for table qlbh.units: ~0 rows (approximately)

-- Dumping data for table qlbh.users: ~1 rows (approximately)
REPLACE INTO `users` (`id`, `name`, `username`, `phone`, `email`, `email_verified_at`, `password`, `remember_token`, `created_at`, `updated_at`) VALUES
	(1, 'Administrator', 'admin', '0906064789', 'admin@gmail.com', NULL, '$2y$12$ewmvC.vN2kLZ2FWM3BvIwOSsAl3j1HtVIEnDkf9E46SqyBWsXo24y', NULL, '2026-06-03 08:31:16', '2026-06-03 08:31:16');

/*!40103 SET TIME_ZONE=IFNULL(@OLD_TIME_ZONE, 'system') */;
/*!40101 SET SQL_MODE=IFNULL(@OLD_SQL_MODE, '') */;
/*!40014 SET FOREIGN_KEY_CHECKS=IFNULL(@OLD_FOREIGN_KEY_CHECKS, 1) */;
/*!40101 SET CHARACTER_SET_CLIENT=@OLD_CHARACTER_SET_CLIENT */;
/*!40111 SET SQL_NOTES=IFNULL(@OLD_SQL_NOTES, 1) */;
